title,authors,average_rating,isbn,# num_pages
Harry Potter and the Goblet of Fire (Harry Potter  #4),J.K. Rowling,4.55,074754624X,636
On Duties,Marcus Tullius Cicero-Miriam T. Griffin-E.M. Atkins,3.95,521348358,241
Harry Potter and the Chamber of Secrets (Harry Potter  #2),J.K. Rowling,4.41,439554896,352
How the Mind Works,Steven Pinker,3.97,140244913,660
1984,George Orwell-Walter Cronkite-Erich Fromm,4.17,451519841,268
eBay for Dummies,Marsha Collier,3.50,470045299,386
Paths to God: Living the Bhagavad Gita,Ram Dass-Richard Alpert,4.33,1400054036,352
Journey of the Sparrows,Fran Leeper Buss-Daisy Cubias,3.67,142302090,160
